
    [
        {
            "name": "abhi",
            "email": "a@gmail.com",
            "add":"pune",
            "pno":"123456789",
            "cl":"1000000"
        },
        {
            "name": "abhi2",
            "email": "a@gmail.com",
            "add":"pune",
            "pno":"123456789",
            "cl":"1000000"
        },{
            "name": "abhi3",
            "email": "a@gmail.com",
            "add":"pune",
            "pno":"123456789",
            "cl":"1000001"
        }
    ]
 